,exp,non_directional.statistic,non_directional.p,directional_effect.statistic,directional_effect.p,quid_bf,pbt.low,pbt.high
1,SVP_2020_1,0.502319149,0.437,0.062257899,0.3,4,0.1,0.15
2,SVP_2020_2,0.485021277,0.906,0.127718412,0.302,1,0,0.041961405
3,SVP_2020_3,0.483638298,0.861,-0.013223342,0.75,-99999,0,0.035960731
4,SVP_2020_4,0.510191489,0.281,0.06789954,0.434,0.01,0,0.090415296
5,SVP_2020_5,0.50924,0.232,0.031926473,0.788,60,0,0.087753137
