"","exp","non_directional.statistic","non_directional.p","directional_effect.statistic","directional_effect.p","pos_bf","pbt.low","pbt.high"
"1","jasifi_resp_1",0.634489795918367,0,-0.0130712519945455,0.66,-99999,0.938784127245292,1
"2","jasifi_resp_2",0.600816326530612,0,-0.0352856213020116,0.126,-99999,0.938784127245292,1
"3","jasifi_rt_1",0.599224489795918,0.008,-0.0891249100371259,0,-99999,0.938784127245292,1
"4","jasifi_rt_2",0.661020408163265,0,0.0282876567363883,0.182,-99999,0.938784127245292,1
